-0.2865898311138153,0.004156904295086861,1.0158777291602306e-10,-0.000491830927785486,-0.0021766917780041695,0.00019861810142174363,0.0033672708086669445,0.010419112630188465,-0.00011421839008107781
0.4786660075187683,-0.014199428260326385,-0.0042755985632538795,-0.0064195292070508,-0.0026103395503014326,-0.1531655490398407,-0.0014745795633643866,-0.008286412805318832,-0.021552685648202896
0.8427225351333618,-0.0026044792030006647,-0.0015257630730047822,-0.0023442914243787527,-0.0021760091185569763,-0.05979207530617714,1.7612966640712102e-11,-0.014944248832762241,-0.010209820233285427
0.7451299428939819,-0.001490395050495863,-0.0005080371047370136,-0.00419409666210413,-0.004068371839821339,-0.0238377433270216,-0.0005891885957680643,-0.0018161647021770477,-0.004238630644977093
0.6379908919334412,-0.0018509409856051207,-2.02174032892799e-05,-0.0004070885188411921,-0.0003017192939296365,-0.020881058648228645,-0.000606140645686537,-0.0036740703508257866,-0.0016314879758283496
0.5463230013847351,-0.0006437388365156949,-0.0001952495367731899,-0.0034174714237451553,-0.0023202619049698114,-0.02125507779419422,-0.001248291227966547,-0.012254668399691582,-0.001956271007657051
0.49611592292785645,-0.0009436288964934647,-0.00011527726019266993,-0.0011090794578194618,-0.0015285423723980784,-0.0027038322295993567,-0.00021784508135169744,-0.00028018097509630024,-0.0009696229826658964
0.41863390803337097,-0.0008732647984288633,-0.00011793842713814229,-0.0010371218668296933,-0.0005544529994949698,-0.008604602888226509,8.561670795069476e-13,-0.003534273011609912,-0.0008489748579449952
0.37174955010414124,-0.00016122969100251794,-9.625354869058356e-05,-0.0003735329082701355,-9.807969763642177e-05,-0.008555060252547264,-6.866453622933477e-05,-0.004094474483281374,-0.0007298564305528998
0.3356249928474426,-0.0001986778515856713,-6.704415136482567e-05,-0.000477475521620363,-0.0006437760312110186,-0.009717242792248726,-0.00041946847341023386,-0.002730024280026555,-0.0007225904264487326
0.30441024899482727,-0.00013257453974802047,-3.554203067324124e-05,-0.0008113335352391005,-0.0004578285152092576,-0.005306435748934746,-0.00030434620566666126,-0.003946942277252674,-0.0005426370189525187
0.26729917526245117,-0.00017850504082161933,-0.00011097322567366064,-0.00039250083500519395,-7.36362999305129e-05,-0.005315018352121115,-0.00010558697977103293,-0.0008973408257588744,-0.0005630579544231296
0.2476058006286621,-0.00012896861881017685,-2.617054087750148e-05,-0.0001843128411564976,-0.00015839604020584375,-0.0020262065809220076,-5.20140201842878e-05,-0.0011226545320823789,-0.0002841248642653227
0.23158694803714752,-0.00011918020754819736,-0.00013081369979772717,-0.00031417986610904336,-0.00016074460290838033,-0.0022098140325397253,-8.519166840414982e-06,-0.0005013541085645556,-0.0003787453460972756
0.22551092505455017,-9.663945093052462e-05,-4.1692845115903765e-05,-0.00020301382755860686,-0.0002240938920294866,-0.0010538933565840125,-0.0001235346426256001,-0.0003901817253790796,-0.00013566107372753322
0.1947338581085205,-0.00015403871657326818,-5.5966247600736097e-05,-8.673199772601947e-05,-8.321911445818841e-05,-0.0006467880448326468,-4.4204505684319884e-05,-0.000570037227589637,-0.0003944212512578815
0.1971644014120102,-9.657301416154951e-05,-0.00013622296683024615,-0.00021301252127159387,-0.0001793520787032321,-0.0021499241702258587,-0.00015630539564881474,-0.0008548416662961245,-0.00038388563552871346
0.1831502616405487,-8.091493509709835e-05,-3.2708700018702075e-05,-0.00016154980403371155,-0.00014201714657247066,-0.0005119734560139477,-5.8233734307577834e-05,-0.0005852454341948032,-0.00014623583410866559
0.17515671253204346,-5.2224040700821206e-05,-9.541383406030945e-06,-0.000144769815960899,-0.00012843115837313235,-0.0007450016564689577,-5.979570414638147e-05,-0.0003911723324563354,-0.0001961959496838972
0.17173978686332703,-6.328507151920348e-05,-2.2437412553699687e-05,-0.00015285739209502935,-0.0001085356852854602,-0.00027298438362777233,-0.00013796502025797963,-0.00016847433289512992,-0.00015119387535378337
0.1650562882423401,-8.966483437689021e-05,-1.2569781802085345e-06,-0.0001860111515270546,-8.008957956917584e-05,-0.00034812313970178366,-2.564795249782037e-05,-0.0005942535353824496,-0.00020960750407539308
0.16495732963085175,-0.00010049341653939337,-0.00014974278747104108,-0.00015909833018667996,-0.0001119964654208161,0.00018619137699715793,-0.00012271323066670448,-0.0006964209023863077,-0.00041971230530180037
0.16081112623214722,-6.411090726032853e-05,-9.096255962504074e-05,-0.00014671962708234787,-0.00011192911915713921,0.00014961820852477103,-8.35890750749968e-05,-0.0005511430208571255,-0.00046258914517238736
0.16375687718391418,-2.884724199248012e-05,-1.3922618563810829e-05,-5.850450543221086e-05,-8.594984683440998e-05,4.1039536881726235e-05,-7.418036693707108e-05,-0.0005426545394584537,-0.0001228887849720195
0.1612159162759781,-2.9089775125612505e-05,1.6387366181917773e-13,-9.244789544027299e-05,-6.768763705622405e-05,9.919823241943959e-06,-4.026544775115326e-05,-0.00028150458820164204,-3.7137240724405274e-05
0.16229960322380066,-5.6191485782619566e-05,-3.107683369307779e-05,-0.00013213680358603597,-0.0001391820696881041,0.00027333578327670693,-0.00012713113392237574,-0.00017600406135898083,-0.0002235697174910456
0.1634916514158249,-8.120766142383218e-05,-6.385720917023718e-05,-0.00018946596537716687,-0.0002835181076079607,0.000512814789544791,-3.182210275554098e-05,-0.0005778907216154039,-0.00040364262531511486
0.15825997292995453,-9.837505785981193e-05,-1.0629505595716182e-05,-0.00010931186989182606,-3.621323412517086e-05,0.0001787602377589792,-4.275803075870499e-05,-0.0005349522107280791,-0.0001585448917467147
0.1553797423839569,-8.806266123428941e-05,-4.378782250569202e-05,-5.8751480537466705e-05,-8.835462358547375e-05,0.00014120205014478415,-7.093349267961457e-05,-0.0009594924049451947,-0.00042247044621035457
0.1499529331922531,-8.061966946115717e-05,-1.2455830074031837e-05,-0.0001542606041766703,-6.28365742159076e-05,4.559805529424921e-05,-1.907071055029519e-05,-7.76407468947582e-05,-3.8382324419217184e-05
0.150948628783226,-0.00011361708311596885,-6.943397602299228e-05,-6.521234172396362e-05,-6.929282244527712e-05,-9.04178959899582e-05,1.5074601994197884e-13,-8.884364069672301e-05,-0.0001416736195096746
0.13944223523139954,-5.860851888428442e-05,1.398913130517057e-13,-9.168820542981848e-05,-6.249114085221663e-05,-9.231118383468129e-06,1.4107631892117806e-13,-3.961359470849857e-05,1.5112138428662047e-13
0.14466404914855957,-8.98998769116588e-05,-2.7754605980589986e-05,-0.00013514219608623534,-6.458044663304463e-05,-0.0006367650348693132,-2.031258918577805e-05,-0.0003623918164521456,-5.877455623704009e-05
0.1432657390832901,-0.00010149177978746593,-3.6958997952751815e-05,-0.00017161249706987292,-0.00010513657616684213,-0.0005736619932577014,-4.076868208358064e-06,-0.0002273403515573591,-0.00012942463217768818
0.1443450152873993,-0.0001534725452074781,-5.478536695591174e-05,-6.061011663405225e-05,-0.00010566667333478108,-0.0007484935340471566,-0.0001396485313307494,-0.00014688829833175987,-0.0001771467796061188
0.1481202393770218,-0.00010516392649151385,-4.233024446875788e-05,-0.00013396050781011581,-5.865204002475366e-05,-0.0011554569937288761,-4.693830487667583e-05,-0.0001770342350937426,-0.00013813807163387537
0.13697071373462677,-7.60835682740435e-05,-1.5094045011210255e-05,-0.00015242854715324938,-0.0001660816342337057,-0.0004633540229406208,-0.0001652504870435223,-0.0002845939598046243,-0.00015722820535302162
0.1482551544904709,-4.02850637328811e-05,-3.404839662835002e-05,-9.509845403954387e-05,-6.626132380915806e-05,-0.0004844181821681559,-2.6519033781369217e-05,-5.9181340475333855e-05,-7.143684342736378e-05
0.13600680232048035,-7.429601828334853e-05,-4.8993304517352954e-05,-0.00011941796401515603,-7.193905184976757e-05,-0.0007064115488901734,-1.7618260244489647e-05,-3.346398443682119e-05,-0.00014679742162115872
0.13910144567489624,-7.958007336128503e-05,-3.4672189940465614e-05,-7.004851795500144e-05,-4.887943941866979e-05,-0.00037353954394347966,-5.066524681751616e-05,-9.857201803242788e-05,-7.738936983514577e-05
0.1432623416185379,-4.90890524815768e-05,-4.9318423407385126e-05,-8.56965925777331e-05,-0.00012486368359532207,-0.0010110640432685614,-0.0001330641534877941,-0.0002507665485609323,-0.0001716631668386981
0.13823916018009186,-5.345363751985133e-05,-2.9495484341168776e-05,-0.00010452020796947181,-5.266048538032919e-05,-0.0009255147306248546,-3.3731135772541165e-05,-0.00013244013825897127,-0.00010568303696345538
0.1415891796350479,-7.801464380463585e-05,-3.567267776816152e-05,-7.733420352451503e-05,-5.665770004270598e-05,-0.0002614246914163232,1.3481841240180897e-13,-7.253617513924837e-05,-7.068161357892677e-05
0.1370857208967209,-5.5286309361690655e-05,-4.576967330649495e-05,-4.539712244877592e-05,-3.775353980017826e-05,-0.0005595516413450241,-4.6245437260949984e-05,-0.00014383711095433682,-0.0001581526012159884
0.13332931697368622,-3.0517723644152284e-05,-2.481862247805111e-05,-7.910789281595498e-05,-7.016991003183648e-05,-0.00014660005399491638,-5.779879938927479e-05,-0.00014974219084251672,-0.00018435766105540097
0.14343152940273285,-5.230870010564104e-05,-1.5173040992522147e-05,-1.6668645912432112e-05,-4.8553822125541046e-05,-0.0001357911532977596,-2.208292789873667e-05,-0.00015175585576798767,-7.957468915265054e-05
0.14306584000587463,-7.565234409412369e-05,-6.410182686522603e-05,-0.00033630430698394775,-5.6995679187821224e-05,-0.0009079112787730992,-7.437042950186878e-05,-9.960101306205615e-05,-0.0001082865783246234
0.13104279339313507,-6.871960067655891e-05,-0.00015377231466118246,-9.424277959624305e-05,-0.0001034778542816639,-0.00037408311618492007,-7.043966616038233e-05,-0.00031992729054763913,-0.0003444935427978635
0.13021546602249146,-5.3194566135061905e-05,-1.248953503818484e-05,-5.174981561140157e-05,-2.9957698643556796e-05,5.645944474963471e-05,1.2695237656262792e-13,-7.404990901704878e-05,-6.255807966226712e-05
0.12538130581378937,-8.542541763745248e-05,-7.59011454647407e-05,-7.38631933927536e-05,-8.197480201488361e-05,-0.00021602737251669168,-2.0669205696322024e-05,-0.00010267280595144257,-0.00019978622731287032
0.12573663890361786,-8.642655302537605e-05,-2.493029933248181e-05,-5.1328221161384135e-05,-5.1918948884122074e-05,0.000558562926016748,-9.789747309696395e-06,-0.0001598960516275838,-0.00011636389535851777
0.1352686583995819,-5.0789534725481644e-05,-2.1279003703966737e-05,-0.00023143661383073777,-4.6804114390397444e-05,0.0007627167506143451,-5.8755420468514785e-05,-0.0002359734644414857,-0.00011018186341971159
0.12128686159849167,-6.68387147015892e-05,-1.9945515305153094e-05,-7.706462929490954e-05,-1.8572753106127493e-05,0.0011916211806237698,-2.0311897969804704e-05,-0.00011186792107764632,-8.44857277115807e-05
0.12425566464662552,-5.5055006669135764e-05,-2.4717204723856412e-05,-6.984611536609009e-05,-9.701461385702714e-05,0.0008364830864593387,-6.564830255229026e-05,-0.00011451396130723879,-7.380607712548226e-05
0.1309209018945694,-5.332949149305932e-05,-6.345069414237514e-05,-4.060848368681036e-05,-9.219863568432629e-05,0.00033836581860668957,-9.966970537789166e-05,-5.037915980210528e-05,-6.087001384003088e-05
0.133854940533638,-9.389797924086452e-05,1.3192595074099783e-13,-3.555839793989435e-05,-9.008969936985523e-05,0.0005460660322569311,-0.00015022365550976247,-0.0005818819045089185,-0.00012725399574264884
0.13102300465106964,-8.118574623949826e-05,-8.235874702222645e-05,-0.00012322489055804908,-0.00011972875654464588,0.001649141893722117,-5.821415106765926e-05,-0.00018526565690990537,-0.00014927978918422014
0.13422046601772308,-5.1475828513503075e-05,1.2980435682482389e-13,-2.3442078600055538e-05,-5.322713332134299e-05,0.0007505008834414184,-9.61637488217093e-05,-6.686839333269745e-05,-1.0056295650429092e-05
0.1237512156367302,-7.529585855081677e-05,-1.0164882041863166e-05,-8.942440035752952e-05,-2.3859010980231687e-05,0.0010180436074733734,1.253161257489671e-13,2.02240473174721e-13,-5.158017302164808e-05
0.13014665246009827,-0.00016263958241324872,-2.5897426894516684e-05,-0.00017047510482370853,-0.0002758395276032388,0.0011579098645597696,-0.0001568241568747908,-0.00011815617472166196,-8.624383190181106e-05
0.12935443222522736,-8.925083238864318e-05,1.2659606707116772e-13,-0.00024611878325231373,-0.00011721623741323128,0.00122177938465029,-1.616704321349971e-05,-8.559700654586777e-05,-6.873298843856901e-05
0.1255052387714386,-7.546840060967952e-05,1.2335335389853513e-13,-7.106502744136378e-05,-5.827748100273311e-05,0.0007295046234503388,-1.5139376955630723e-05,-4.9203743401449174e-05,-3.1629824661649764e-05
0.1340613216161728,-3.583683064789511e-05,-2.8102560463594273e-05,-0.00011371744039934129,-0.0002058181562460959,0.001100292312912643,-0.00010069672134704888,-0.00020747956295963377,-0.00018055789405480027
0.11953567713499069,-0.00010078808554681018,-2.861437496903818e-05,-3.529016248648986e-05,-4.93204606755171e-05,0.0008403671672567725,-2.62417802332493e-06,-0.00019715214148163795,-0.00016459634935017675
0.11933951824903488,-0.00010371232929173857,-1.1289242138445843e-05,-6.953667616471648e-05,-0.00012607811368070543,0.0010022545466199517,-8.32144869491458e-05,-6.621854117838666e-05,-2.8900834877276793e-05
0.11733230948448181,-5.820917431265116e-05,-1.4266931884776568e-06,-0.0001253072841791436,-0.00012894168321508914,0.0006174947484396398,-6.769534957129508e-05,-0.00013171609316486865,-6.927172216819599e-05
0.11702001839876175,-0.00010058055340778083,-1.330632312601665e-05,-0.00011245494533795863,-0.00011729564721463248,0.001732161152176559,-0.00019934274314437062,-0.00021053758973721415,-0.00011991106293862686
0.1208348423242569,-6.754261994501576e-05,-9.631008651922457e-06,-0.00011542675929376855,-4.802818511961959e-05,6.981055048527196e-05,-3.650793951237574e-05,-0.0002729231200646609,-5.567918560700491e-05
0.11777295917272568,-6.281214155023918e-05,-4.2547973862383515e-05,-7.172495679697022e-05,-3.601643766160123e-05,-0.0007934669847600162,-2.9165517844376154e-05,-2.6064913981826976e-05,-0.0001171076946775429
0.12178568542003632,-4.801913382834755e-05,-2.355982542212587e-05,-0.00013630972534883767,-0.00013662182027474046,0.001055957400240004,-5.330668864189647e-05,-2.0116201994824223e-05,-3.5142798878951e-05
0.12015016376972198,-1.3493660844687838e-05,-1.587310543982312e-05,-0.00012409346527419984,-6.431617657653987e-05,0.00033859003451652825,-5.703795250155963e-05,-0.00010418421879876405,-3.36320954374969e-05
0.1137966439127922,-0.00010333700629416853,1.217470677224164e-13,-0.00017754663713276386,-5.51536722923629e-05,-1.0246836609439924e-05,1.246812169567596e-13,-8.211006206693128e-05,1.3618799013861982e-13
0.11153554171323776,-0.00015083004836924374,-0.0001573073968756944,-0.00014067078882362694,-0.00014254615234676749,-0.004692998714745045,-0.00015792610065545887,-0.00030551807140000165,-0.00031646047136746347
0.09329956024885178,-6.047792703611776e-05,-2.930093432951253e-05,-0.00021011786884628236,-0.00012209458509460092,-0.005482763517647982,-4.8305257223546505e-05,-0.002196716843172908,-0.00020996986131649464
0.10350143164396286,-7.753142563160509e-05,-8.422083919867873e-05,-0.00012084573245374486,-6.622627552133054e-05,0.0004688180342782289,-2.540249624871649e-05,-0.00014952108904253691,-0.0003616769390646368
0.1025659590959549,-4.737143171951175e-05,-5.997843618388288e-05,-7.8717821452301e-05,-9.633915033191442e-05,0.00012303855328354985,-3.649552309070714e-05,-0.00022912703570909798,-0.0001506023108959198
0.1132654920220375,-5.13493905600626e-05,1.2643792263178355e-13,-7.532656309194863e-05,-8.758408512221649e-05,0.00021455508249346167,-3.927005309378728e-06,-0.0006109868409112096,-0.0001371955149807036
0.11374708265066147,-0.0001097690110327676,-4.979382356395945e-05,-4.6996428864076734e-05,-6.355174991767853e-05,-0.0011410373263061047,-6.10690112807788e-05,-0.0004223741125315428,-0.0003208999114576727
0.11567073315382004,-8.437604992650449e-05,-5.627570499200374e-05,-0.00023242970928549767,-0.00013436033623293042,0.0005048140301369131,-4.5866148866480216e-05,-0.00022379044094122946,-0.00014784032828174531
0.11929439008235931,-9.331035107607022e-05,1.3535728798658858e-13,-4.0011007513385266e-05,1.3936220883900563e-13,0.0008254501735791564,1.396521109474011e-13,-9.84941580099985e-05,-1.1316956260998268e-05
0.11704414337873459,-7.191483746282756e-05,-1.6176560166059062e-05,-0.00010474226291989908,-9.095066343434155e-05,0.0010377616854384542,-0.00010732799273682758,-7.426184311043471e-05,-0.00010307289630873129
0.11829280853271484,-9.748621960170567e-05,-8.537294343113899e-05,1.6528870828459719e-13,-1.6929983758018352e-05,0.0019017306622117758,-3.0879396945238113e-05,-0.00012714097101707011,-0.00022922582866158336
0.12116353213787079,-6.555434811161831e-05,-6.130439578555524e-05,-0.00024332270550075918,-0.00012407264148350805,0.00165851681958884,-7.228763570310548e-05,-0.00011151524813612923,-0.00017917327932082117
0.12755626440048218,-0.00010147182183573022,-2.869136324079591e-06,-4.713053931482136e-05,-6.70390872983262e-05,0.0016285551246255636,-3.628839476732537e-05,-0.00016964416136033833,-0.00010820283932844177
0.1312132477760315,-8.103108848445117e-05,-0.0001046039760694839,-8.701035403646529e-05,-4.420778350322507e-05,0.0031082509085536003,-2.7977817808277905e-05,-9.613150177756324e-05,-0.00041163264540955424
0.12939269840717316,-5.2791550842812285e-05,-5.5163807701319456e-05,-0.00020702069741673768,-0.0002464459103066474,0.0026722545735538006,-0.0002083091385429725,-9.52559057623148e-05,-0.0002533834194764495
0.12849107384681702,-7.333679241128266e-05,-4.440857082954608e-05,-0.00016260090342257172,-8.223645272664726e-05,0.0031212689355015755,-9.286469867220148e-05,-6.311535980785266e-05,-0.00025055502192117274
0.1288796067237854,-0.00010428189125377685,-0.00010452311107655987,-0.0001234282972291112,-0.00010823847696883604,0.006429761182516813,-7.028313120827079e-05,-8.054239879129454e-05,-0.00048107525799423456
0.12853705883026123,-7.588005973957479e-05,-0.00013148006109986454,-9.829140617512167e-05,-9.163493814412504e-05,0.005994963459670544,-7.898904732428491e-05,-0.00012876676919404417,-0.0004691890790127218
0.13217376172542572,-0.00011023211118299514,1.6584216638859672e-13,-9.483352914685383e-05,-3.6848254239885136e-05,-1.4996004210843239e-05,1.7253176155546807e-13,-2.370793765749113e-07,2.038586449171556e-13
0.13551609218120575,-5.126052928972058e-05,-2.7390078685129993e-05,-0.00010142289829673246,-4.917310070595704e-05,0.005043226759880781,-4.818356683244929e-05,-6.858491542516276e-05,-0.00013293829397298396
0.14295142889022827,-0.00013006804510951042,-0.00010659096005838364,-0.00014081355766393244,-0.00019908005197066814,0.001803252031095326,-0.00019677256932482123,-0.00013954138557892293,-0.0002717305033002049
0.14245852828025818,-0.00010072047734865919,1.807465581284834e-13,-0.00021661036589648575,-5.2268725994508713e-05,0.0033005934674292803,-3.1336861866293475e-05,-0.0001970845478354022,-0.0001587286969879642
0.134320929646492,-0.00015087021165527403,-3.8903759559616446e-05,-0.0001628491299925372,-5.2740375394932926e-05,0.004457748495042324,-2.7048617994296364e-05,-0.00021273447782732546,-0.00015955966955516487
0.13567009568214417,-0.00014613485836889595,-3.3031130442395806e-05,-0.00019019369210582227,-0.00015216509927995503,0.0024187476374208927,-6.714513438055292e-05,-0.000177254099980928,-0.00010822290641954169
0.1364780068397522,-6.159250915516168e-05,-7.696901593590155e-05,-5.324307858245447e-05,1.8118578198108443e-13,0.004257323686033487,1.8258235635199016e-13,-0.00020025658886879683,-0.0002309398987563327
0.13154715299606323,-0.00011898546654265374,-5.896595030208118e-05,-9.6751275123097e-05,-0.00014448673755396158,0.00246002827771008,-0.00010941142681986094,-0.00045476839295588434,-0.00029708934016525745
0.12739458680152893,-0.00010512027802178636,1.5977261289164268e-13,-2.6362153221271e-05,-0.00012165203224867582,0.0017129434272646904,-4.956970951752737e-05,3.079393836279143e-13,-1.856406197475735e-05
0.13437381386756897,-0.00012170830450486392,-5.97765865677502e-05,-9.430365753360093e-05,-7.613404159201309e-05,0.0030618326272815466,-6.457511335611343e-05,-0.0004496345354709774,-0.00018832033674698323
0.1316487342119217,-4.580347740557045e-05,-8.032010373426601e-05,-0.000314305885694921,-0.00019210610480513424,0.0007862896891310811,-0.000152999724377878,-0.0001805603678803891,-0.00034200301161035895
0.13030613958835602,-9.533315460430458e-05,-2.30768619076116e-05,-0.00017455829947721213,-0.00016108214913401753,0.005345596466213465,-0.00015310593880712986,-0.00029226343031041324,-0.0002727829269133508
0.1205030307173729,-0.00013730225327890366,1.546167436704965e-13,-0.00012401003914419562,-4.6147590182954445e-05,0.0014471722533926368,-0.0001084392424672842,-9.224760287906975e-05,-4.694784729508683e-05
0.11990369111299515,-0.00015000825806055218,1.538702162646316e-13,-6.135189323686063e-05,-6.543061317643151e-05,0.001224072533659637,-4.9154081352753565e-05,-4.508486017584801e-05,-1.7276575817959383e-05
0.11948491632938385,-6.161756027722731e-05,-5.940258415648714e-05,-9.109353413805366e-05,-5.466217044158839e-05,0.002280610613524914,-3.583163197617978e-05,-3.197572732460685e-05,-0.00010037140600616112
0.12760895490646362,-9.248821879737079e-05,-9.909037180477753e-05,-0.00016128623974509537,-9.306901483796537e-05,0.003256219672039151,-2.6870411602430977e-05,-0.00031249324092641473,-0.00026986849843524396
0.1316964030265808,-5.406581476563588e-05,1.6714715278098174e-13,-0.0001787230430636555,-0.00013123374083079398,0.0020196656696498394,-4.060755600221455e-05,-1.808786328183487e-05,-3.099354944424704e-05
0.12900856137275696,-7.65573640819639e-05,1.6696523720896583e-13,-0.0001797739532776177,-0.00014789712440688163,1.8241198631585576e-05,-4.0795512177282944e-05,-7.551081944257021e-05,-5.211167081142776e-05
0.1349392831325531,-0.00019101265934295952,1.7359998529843657e-13,-9.436283289687708e-05,-0.00020226201741024852,0.00022703802096657455,-0.00012762976984959096,-0.00015916902339085937,-6.801167182857171e-05
0.11952131241559982,-0.00013581688108388335,-0.00014165413449518383,-0.0002499842084944248,-0.00023350436822511256,0.0017208734061568975,-0.00010929197742370889,-0.0002400299854343757,-0.0004893371369689703
0.10955742001533508,-4.3759358959505334e-05,-6.0982838476775214e-05,-0.00017001900414470583,-0.000132916567963548,0.00043676464702002704,-3.940871465601958e-06,-7.940520299598575e-05,-5.478469392983243e-05
0.1036420539021492,-8.452988549834117e-05,-7.142795220715925e-05,-6.713515176670626e-05,-0.00011075817019445822,0.00010932623990811408,-0.00014214740076567978,-0.0002625918132252991,-0.00022080732742324471
0.09891942143440247,-5.393220271798782e-05,1.4769176821197855e-13,-7.183299021562561e-05,-6.387350731529295e-05,0.0001259112759726122,-7.678372639929876e-05,-4.8440128011861816e-05,-8.916402293834835e-05
0.0954580157995224,-9.070529631571844e-05,-0.00011605194595176727,-2.8665281206485815e-05,-7.128617289708927e-05,0.00106135627720505,-1.5406985767185688e-05,-0.00014066722360439599,-0.0003327663871459663
0.09548024833202362,-5.96870704612229e-05,-1.3269199371279683e-05,-3.291062967036851e-05,-3.996684245066717e-05,0.0005216977442614734,-1.3908838809584267e-05,-0.00011316050949972123,-6.80469092912972e-05
0.09960538893938065,-3.0192815756890923e-05,-1.0953665878332686e-05,-7.386400102404878e-05,-3.517781806294806e-05,0.0006579812616109848,-3.970651960116811e-05,-2.8793152523576282e-05,-7.009685941739008e-05
0.10258355736732483,-6.56286210869439e-05,1.4783549276246866e-13,-1.522689672128763e-05,1.513889924878442e-13,0.0008751233690418303,1.5291369245048342e-13,-0.00013388819934334606,-0.00014548891340382397
0.10411776602268219,-9.125206270255148e-05,-5.182130553293973e-05,-0.0002508934121578932,-0.0002091692149406299,0.00019846888608299196,-0.00015002881991676986,-9.512906399322674e-05,-0.00022529822308570147
0.09919088333845139,-5.0015965825878084e-05,1.4466169419042468e-13,-5.7748206018004566e-05,-6.437127740355209e-05,0.002419049618765712,-1.025215442496119e-05,-0.0001211531853186898,-0.00015866135072428733
0.09948347508907318,-7.015495066298172e-05,-1.1878641089424491e-05,-7.43368364055641e-05,-5.256542863207869e-05,0.0020966283045709133,-2.586321352282539e-05,-1.4376321814779658e-05,-0.00016121180669870228
0.10184793174266815,-6.155667506391183e-05,-3.6306042602518573e-05,-0.0001011003041639924,-6.568067328771576e-05,0.0020796305034309626,-5.813242751173675e-05,-3.5619872505776584e-05,-0.00014644619659520686
0.09978784620761871,-8.610940858488902e-05,-5.0025184464175254e-05,-0.00015043586608953774,-0.00011781956709455699,0.002112802118062973,1.500366806706302e-13,-1.1668774277495686e-05,-0.00017978782125283033
0.10081262141466141,-9.453753591515124e-05,-1.157166752818739e-05,-0.00018506002379581332,-0.00019226263975724578,0.0028094539884477854,-2.583591231086757e-05,-0.00011107337195426226,-0.00020897849753964692
0.09707962721586227,-7.273165829246864e-05,-4.5512944780057296e-05,-0.00018083681061398238,-0.0001702633308013901,0.0030382811091840267,-0.000348796253092587,-8.680214523337781e-05,-0.00028340666904114187
0.093525230884552,-6.577427120646462e-05,-6.800532719353214e-05,-8.895267092157155e-05,-0.00010659072722773999,0.0014577993424609303,-6.944357301108539e-05,9.272797797166277e-06,-0.00018728476425167173
0.09223524481058121,-0.0001105016126530245,-4.5800316001987085e-05,-0.00012543135380838066,-0.00010457913595018908,0.0026057655923068523,-2.326749927306082e-05,-5.332936052582227e-05,-0.000246289448114112
0.08732585608959198,-6.760480755474418e-05,-0.00011242827895330265,-0.00013848062371835113,-0.0001308903010794893,0.003634057007730007,-0.0002358156634727493,-0.0001957240456249565,-0.00035984726855531335
0.08289626985788345,-3.0391540349228308e-05,-7.7424065239029e-06,-9.398018300998956e-05,-4.926640758640133e-05,0.0022023809142410755,-1.4772005670238286e-05,2.5057085854991723e-13,-4.041042484459467e-05
0.08376959711313248,-4.6631139412056655e-05,-8.22596120997332e-06,-6.364316504914314e-05,-3.869465217576362e-05,0.0014399472856894135,-7.3021168645937e-05,-0.00015091073873918504,-0.00010525749530643225
0.08125920593738556,-0.00012271628656890243,-1.187455200124532e-05,-7.56707668188028e-05,-9.396735549671575e-05,0.0024959880392998457,-0.00012020822759950534,-0.00017257549916394055,-0.00016405005590058863
0.08224381506443024,-6.964136264286935e-05,1.34080734796177e-13,-5.904493809794076e-05,-4.5123328163754195e-05,0.0015928838402032852,1.3871553645322665e-13,-5.499178223544732e-05,-9.625485836295411e-05
0.08075524121522903,-7.167909643612802e-05,-9.053618123289198e-05,-2.5124672902165912e-05,-2.9352133424254134e-05,0.0009573118877597153,1.4099653519381028e-13,-4.191486368654296e-05,-0.00018010362691711634
0.08604881167411804,-0.00014025333803147078,1.4400579253365242e-13,-0.00011604228348005563,-7.194025965873152e-05,1.9648046873044223e-05,1.4928634500463445e-13,-0.00016863523342180997,-3.5325560020282865e-05
0.08767467737197876,-5.751763819716871e-05,-3.1294723612518283e-06,-8.419147343374789e-05,-9.857691475190222e-05,0.00016402914479840547,-5.919585601077415e-05,-0.0004964578547514975,-8.919661195250228e-05
0.0910477563738823,-7.050343992887065e-05,-0.0001820511242840439,-0.0002483212447259575,-0.00017177773406729102,0.0013175394851714373,-5.174260513740592e-05,-0.00028540249331854284,-0.00023501882969867438
0.0963001400232315,-8.387253910768777e-05,-7.80528353061527e-05,-0.0001806607178878039,-0.00014084187569096684,0.0033034426160156727,-0.00017756278975866735,-0.00025177429779432714,-0.0002783543604891747
0.09615100920200348,-0.00018817809177562594,-2.8821723390137777e-05,-0.00013437122106552124,-7.975046901265159e-05,0.0014916108921170235,-5.3222709539113566e-05,3.6540182918542996e-05,-3.880437361658551e-05
0.0975445806980133,-5.815329495817423e-05,-1.6640544345136732e-05,-0.00014127747272141278,-0.00011655450362013653,0.003788627916947007,-0.00012112333934055641,9.12663290364435e-06,-9.331851470051333e-05
0.09821578115224838,-0.00013302030856721103,-2.482774289092049e-05,-0.00010914990707533434,-4.493942833505571e-05,0.0032439487986266613,-6.170015240059001e-06,2.0352528736111708e-05,-0.00019313915981911123
0.10361985117197037,-0.00013501860667020082,-8.053430065046996e-05,-0.00024124386254698038,-0.00020408397540450096,0.0034649637527763844,-6.592593854293227e-05,-1.725492620607838e-05,-0.00028076383750885725
0.10154318064451218,-9.120496542891487e-05,-8.673866977915168e-05,-8.756836177781224e-05,-5.959853297099471e-05,0.0034297171514481306,-7.594159251311794e-05,-0.0005656342837028205,-0.0004510117578320205
0.09735529869794846,-0.0001288617349928245,-3.428509444347583e-05,-0.00021053462114650756,-0.00013384941848926246,0.0008433323237113655,-2.231087455584202e-05,-4.711180372396484e-05,-8.078991959337145e-05
0.10246286541223526,-9.179974586004391e-05,-7.974817708600312e-05,-0.0003266410785727203,-0.00028826991911046207,0.0010297239059582353,-0.0001553938491269946,-1.790300120774191e-05,-0.0004406525695230812
0.10044164955615997,-0.00010367696813773364,-1.4366742107085884e-05,-4.231512502883561e-05,-1.4190098227118142e-05,0.0014852795284241438,-2.535608655307442e-05,-3.1281797419069335e-05,-3.313630077173002e-05
0.09889377653598785,-8.153537783073261e-05,-0.00010151408787351102,-7.433005521306768e-05,-0.00010337619460187852,0.002333951648324728,-0.00010511902655707672,-5.304085789248347e-05,-0.00021954975090920925
0.09393934160470963,-0.00010409683454781771,1.4225553786155476e-13,-4.0385079046245664e-05,1.4878606701719532e-13,0.0006263070390559733,1.5037838053781616e-13,4.254253781255102e-06,-5.537494507734664e-05
0.09164106100797653,-2.8430235033738427e-05,-2.9890332370996475e-05,-0.00015544708003289998,-0.0001193624921143055,5.183098892302951e-06,-5.005585990147665e-06,-7.635521615156904e-05,-0.00010377534636063501
0.08864905685186386,-4.159584568697028e-05,1.3791845812106962e-13,-6.477106217062101e-05,-5.25073628523387e-05,0.00024005000886972994,-2.8906550141982734e-05,-6.520870374515653e-05,-3.6459688999457285e-05
0.09136102348566055,-6.349371687974781e-05,-0.00010504496458452195,-4.384923886391334e-05,-5.214809425524436e-05,-3.106399390162551e-06,1.4879177263112803e-13,-0.00014262738113757223,-0.0002870688622351736
0.09388530254364014,-0.0001073983876267448,1.4543371389987014e-13,-0.00018645069212652743,-0.00017903072875924408,-8.026099385460839e-05,-6.458193092839792e-05,-6.834272062405944e-05,-1.7633657989790663e-05
0.0986541360616684,-9.52021946432069e-05,1.5048605536607113e-13,-5.023277844884433e-05,-1.0240953997708857e-05,0.00019010076357517391,1.5920806882042948e-13,-0.00011334148439345881,-6.98065196047537e-05
0.10037027299404144,-7.367951184278354e-05,1.512467180577598e-13,1.7690955308753004e-13,-6.48376953904517e-05,3.13243072014302e-06,-2.3289416276384145e-05,-9.892914386000484e-05,-7.815818389644846e-05
0.09493087232112885,-9.770383621798828e-05,-2.1288400603225455e-05,-0.00012552474800031632,-3.242798266001046e-05,-0.0007936347392387688,-9.484298789175227e-05,-0.0004860677581746131,-0.00024479010608047247
0.08808574080467224,-4.068346606800333e-05,-8.383784734178334e-05,-0.00024145725183188915,-0.00022396155691239983,-0.0006988592213019729,-0.00014261968317441642,-0.0002710013650357723,-0.0002271225821459666
0.08427878469228745,-6.289361044764519e-05,-9.652910375734791e-05,-0.00012491601228248328,-9.594660514267161e-05,-0.00030442693969234824,-6.584799848496914e-05,-0.00022976826585363597,-0.00029788474785164
0.08389702439308167,-2.1241805370664224e-05,1.2816933929113428e-13,-2.9054028800601372e-06,-1.812810660339892e-05,-4.4397842430043966e-05,-2.5184615878970362e-05,-0.00016187585424631834,-0.00011698554590111598
0.07968588918447495,-2.302683969901409e-05,-4.361496394267306e-05,-4.8384077672380954e-05,-5.03073024447076e-05,0.0001600847754161805,-1.2846015124523547e-05,-0.00010558130452409387,-0.00012458923447411507
0.0794508084654808,-2.1521145754377358e-05,-7.938921771710739e-05,-5.895102003705688e-05,-3.260049925302155e-05,0.0002956600219476968,1.3035555165678836e-13,-3.9553666283609346e-05,-0.0001658642868278548
0.08293608576059341,-3.642173032858409e-05,-4.928750968247186e-06,-5.724986840505153e-05,-6.396683602361009e-05,0.0002919461112469435,-7.292546069948003e-05,-0.00020237595890648663,-0.0001297516719205305
0.08357882499694824,-5.184502151678316e-05,1.2819655276566366e-13,-6.635129830101505e-05,-2.728517029026989e-05,0.00014223311154637486,-2.0600573407136835e-05,-0.0002395256597083062,-8.353727025678381e-05
0.08446840196847916,-7.934158202260733e-05,1.3047325535513882e-13,-5.160735236131586e-05,-4.789616650668904e-05,-5.709093329642201e-06,-2.59613534581149e-05,-1.5046551197883673e-05,1.7176369918395218e-13
0.08580797910690308,-5.973349107080139e-05,-9.614187001716346e-05,-0.00012862295261584222,-0.0001272369408980012,0.0005665962817147374,-1.5662808436900377e-05,-0.00010394189303042367,-0.0003441913577262312
0.08243800699710846,-9.637249604566023e-05,-0.00013163835683371872,-3.845943138003349e-05,-9.418346598977223e-05,0.00102341512683779,-2.851355202437844e-05,-0.0002815129410009831,-0.0005423091351985931
0.0869826152920723,-0.0001274162787012756,-2.5649833332863636e-05,-8.280434121843427e-05,-0.00013405860227067024,0.0004611982440110296,-0.0001729659561533481,-0.0003928268270101398,-0.00026684312615543604
0.08881567418575287,-0.00010872644634218886,1.3760837629973877e-13,-5.844755287398584e-05,-6.017414489178918e-05,0.0009482188033871353,1.4465620541692648e-13,-9.102562034968287e-05,-2.6808667826117016e-05
0.08757798373699188,-3.887971251970157e-05,1.3760805103908702e-13,-7.15992136974819e-05,-8.092525968095288e-05,0.0011333064176142216,-4.1725630580913275e-05,-8.350212010554969e-05,-0.00019124976824969053
0.09020029753446579,-0.00011967877799179405,-8.424684347119182e-05,-0.0002061911509372294,-0.00025485013611614704,0.0016969844000414014,-8.713944407645613e-05,4.502027422859101e-06,-0.00045719670015387237
0.08560904115438461,-6.183402729220688e-05,-1.3134898836142384e-05,-0.00015087283100001514,-0.00017386242689099163,0.0020916296634823084,-5.7340024795848876e-05,-7.513923719670856e-06,-9.57919328357093e-05
0.0900919958949089,-0.00014200314763002098,1.4631385567096672e-13,-5.744905865867622e-05,-3.452333839959465e-05,0.0010010068072006106,1.5379176068492512e-13,5.046852038503857e-06,-5.5646567489020526e-05
0.08850545436143875,-8.737473399378359e-05,1.4599736350429104e-13,-0.00011908847955055535,-4.3892367102671415e-05,5.202555257710628e-05,-4.5351080188993365e-05,0.00011188079952262342,-5.131539001013152e-05
0.09575089812278748,-0.00011075835209339857,-8.182484452845529e-05,-0.00026302007609046996,-7.214760989882052e-05,-0.0001533672766527161,-0.00012066533963661641,-0.00023918208898976445,-0.0003715019265655428
0.08237352222204208,-0.00011055377399316058,-3.3964028261834756e-05,-0.00013587491412181407,-7.604108395753428e-05,0.002785033080726862,-3.79008406525827e-06,-4.891908974968828e-05,-0.0002699129981920123
0.07300757616758347,-7.635060319444165e-05,-7.077785267028958e-05,-0.00014906676369719207,-9.529411909170449e-05,0.002729214495047927,-4.686826287070289e-05,-0.0002461017284076661,-0.00031739959376864135
0.0739736333489418,-4.441288547241129e-05,-3.310640749987215e-05,-6.293810292845592e-05,-5.924058859818615e-05,0.0010351997334510088,-1.8557102521299385e-05,-7.458844629582018e-05,-0.00015085851191543043
0.07118067890405655,-4.998317308491096e-05,-2.5361499865539372e-05,-0.00015314789197873324,-0.00012312104809097946,0.0007142453687265515,-0.0001033359658322297,-7.462143548764288e-05,-4.2238676542183384e-05
0.07033080607652664,-8.41984583530575e-05,-9.411438077222556e-05,-0.00011164994793944061,-9.828637121245265e-05,0.0011319360928609967,-1.0076056241814513e-05,-0.00010356761049479246,-0.00023657346901018173
0.07505743950605392,-7.497210026485845e-05,-1.7997148461290635e-05,-4.016699313069694e-05,-5.2731207688339055e-05,0.0008309276890940964,1.2629137915564498e-13,-3.3920634450623766e-05,-8.40168577269651e-05
0.07813672721385956,-4.608626113622449e-05,1.2531249367168928e-13,-4.6567267418140545e-05,-0.0001430304255336523,0.00014928699238225818,-0.00011379023635527119,-0.0002658579032868147,-7.30845786165446e-05
0.07940904796123505,-0.00010188136366195977,-4.9529640818946064e-05,-0.000151722168084234,-0.00017645250773057342,0.0010598298395052552,-0.00010863192437682301,-0.0005268685636110604,-0.0002990610955748707
0.0724765956401825,-3.2728839869378135e-05,-3.4975407743331743e-06,-4.6054025006014854e-05,-8.184607577277347e-05,0.0004161289834883064,-3.1870535167399794e-05,-9.530827810522169e-05,-5.4563115554628894e-05
0.08019367605447769,-0.00011532766802702099,-5.542298822547309e-05,-0.0002137658157153055,-0.0001732439995976165,0.001509584137238562,-7.302698941202834e-05,-8.420314406976104e-05,-0.0001999147207243368
0.07274232804775238,-6.643946835538372e-05,1.2647089593035427e-13,-6.777607632102445e-05,-4.0344828448724e-05,-1.8349208403378725e-05,1.3183525722926942e-13,2.229633307409412e-13,1.7273262356044816e-13
0.07228460907936096,-2.998887066496536e-05,1.2622295244603399e-13,-0.0002802701492328197,-1.7486847355030477e-05,0.0006682854145765305,-3.642146475613117e-05,-0.00013058767945040017,-1.947627606568858e-05
0.07672097533941269,-9.634112211642787e-05,-5.55469841856393e-06,-0.00015293587057385594,-0.0001762470928952098,0.0015967031940817833,-9.84427533694543e-05,-0.000259143125731498,-0.0001876146561698988
0.07132817059755325,-4.664448351832107e-05,-7.996913336683065e-05,-0.0002601820742711425,-0.00015252687444444746,0.0015671756118535995,-0.00010495856986381114,-0.0001662158902036026,-0.0002755632740445435
0.0730711817741394,-5.477931699715555e-05,-1.3275953278935049e-05,-0.00014830469444859773,-4.332218668423593e-05,0.00160381814930588,-2.460921859892551e-05,-0.00010372109682066366,-0.000148860810440965
0.06843800097703934,-6.359068356687203e-05,-2.332777512492612e-05,-0.00011172806262038648,-0.00010747893975349143,0.001081353984773159,-0.00014954598736949265,-0.00020979718829039484,-0.00011012711911462247
0.06852855533361435,-5.278807657305151e-05,1.2704309717941065e-13,-5.222913023317233e-05,-0.00010406198271084577,8.092344796750695e-05,-2.0600506104528904e-05,-7.877072675910313e-06,-1.5221687135635875e-05
0.07161775231361389,-1.6554497051401995e-05,-1.0511333130125422e-05,-0.00013299485726747662,-0.00011506860028021038,0.000757829868234694,-5.6075488828355446e-05,-1.1510189324326348e-05,-8.977554534794763e-05
0.07326975464820862,-8.327227988047525e-05,-1.8009041014011018e-05,-6.157790630823001e-05,-6.846801261417568e-05,0.0005838319775648415,-0.00014763329818379134,-0.00022455326688941568,-0.0002588046481832862
0.06934396177530289,-7.314150570891798e-05,-2.5180032025673427e-05,-0.00024040829157456756,-0.00020897183276247233,0.0009271457092836499,-0.00010303085582563654,-8.689962851349264e-05,-4.8876518121687695e-05
0.06979916244745255,-6.725636194460094e-05,-5.5710315791657194e-05,-3.166419992339797e-05,-0.0001256856630789116,0.00047824878129176795,-0.0002042107080342248,-0.00012151929695392027,-0.0003019608266185969
0.06702674180269241,-7.103585812728852e-05,-9.82691108220024e-06,-0.0001530211156932637,-9.407495963387191e-05,0.0004366783832665533,-0.00013334052346181124,-0.00027794542256742716,-0.00021154973364900798
0.06316765397787094,-8.060995605774224e-05,-3.0234052246669307e-05,-6.546161603182554e-05,-2.1707550331484526e-05,0.001314472290687263,-9.956113899534103e-06,-0.00019328492635395378,-0.00032359446049667895
0.06158117577433586,-4.2816205677809194e-05,1.2398961794345825e-13,-4.7126719437073916e-05,-1.05180934042437e-05,0.0004439768672455102,1.3082205674655456e-13,-6.363958527799696e-05,-8.698157034814358e-05
0.06246476620435715,-6.888499774504453e-05,-9.500409214524552e-05,-0.00016126238915603608,-0.00014424245455302298,0.0011968932813033462,-4.961555532645434e-05,-5.9315549151506275e-05,-0.0003604547237046063
0.061913806945085526,-0.00012034326209686697,-8.250115934060887e-05,-0.0001526975684100762,-0.00011089408508269116,0.0009296849020756781,-1.8026301404461265e-05,-1.68823517014971e-05,-0.0002272326237289235
0.06242242828011513,-6.0455997299868613e-05,-5.34458777110558e-05,-8.057786180870607e-05,-2.57546180364443e-05,0.0008876834763213992,-4.85355349155725e-06,-1.6698964827810414e-05,-0.00020309962565079331
0.06403588503599167,-7.409138925140724e-05,-5.0635735533433035e-05,-7.798852311680093e-05,-9.912017412716523e-05,0.0011832581367343664,-2.842827780114021e-05,-5.342714939615689e-05,-0.0001863811194198206
0.06671065837144852,-9.507592039881274e-05,1.3339062656086281e-13,-5.004257400287315e-05,-4.349647497292608e-05,0.0007628834573552012,-4.2651798139559105e-05,-0.00010854339780053124,-0.00018084888870362192
0.06450046598911285,-5.129263081471436e-05,-4.7137589717749506e-05,-9.786068403627723e-05,-0.00010253808432025835,0.00017199429566971958,-4.397554948809557e-05,5.931857958785258e-05,-0.00011539256229298189
0.06636989116668701,-0.00013734302774537355,-9.982899791793898e-05,-0.00015978614101186395,-0.00012998377496842295,0.0007989577716216445,-6.499644223367795e-05,-3.280589226051234e-05,-0.00022958882618695498
0.06402743607759476,-6.424963794415817e-05,-5.388103090808727e-05,-0.00018028763588517904,-0.00017651438247412443,0.0007230198243632913,-8.269798854598776e-05,1.1514847756188828e-05,-0.00011331694986438379
0.05950316786766052,-6.963722262298688e-05,-2.623116051836405e-05,-0.00014630336954724044,-0.00011235526471864432,0.0006000694120302796,-0.00013277720427140594,-0.000179705981281586,-0.00017224426846951246
0.054618604481220245,-9.803268767427653e-05,-1.9403983060328756e-06,-0.00011578539852052927,-9.670045983511955e-05,0.001411561155691743,-1.5102775250852574e-05,-0.0001227466855198145,-0.0001697001134743914
0.07278616726398468,-0.00010927247058134526,-7.099063805071637e-05,-9.448690980207175e-05,-1.9840814275084995e-05,0.0010705012828111649,-2.0766361558344215e-05,-1.9290986529085785e-05,-0.00016667072486598045
0.07775051146745682,-0.00012126660294597968,-4.6586606913479045e-05,-0.0001989337324630469,-0.00016112068260554224,0.00036095501855015755,-0.00010194643982686102,-9.626228711567819e-05,-0.00032532395562157035
0.07875882089138031,-0.00011737894237739965,-3.9084665331756696e-05,-9.487852366873994e-05,-9.646234684623778e-05,0.00031431743991561234,-3.4043212508549914e-05,-3.9707691030343994e-05,-0.0001425341033609584
0.07126494497060776,-3.995792576461099e-05,-1.2444941603462212e-05,-0.0001042706353473477,-0.0001069063728209585,5.844983024871908e-05,-0.0002018246304942295,-0.00033270628773607314,-9.754104394232854e-05
0.0739276111125946,-6.862228474346921e-05,-5.869478627573699e-05,-0.0001310665684286505,-6.600309279747307e-05,0.001260243123397231,-7.147574069676921e-05,-0.0001906560646602884,-0.00018512236420065165
0.07410570979118347,-5.13390259584412e-05,1.3848634966649037e-13,1.6099681266965038e-13,1.5286310086660981e-13,0.0013555274344980717,1.4671201536628486e-13,-2.8392019885359332e-05,-7.163433474488556e-05
0.07034769654273987,-5.8413923397893086e-05,-9.609555854694918e-05,-0.00011652245302684605,-0.00011579700367292389,0.0004405702347867191,-5.669004167430103e-05,-0.00022566824918612838,-0.0002431379834888503
0.07311509549617767,-4.95426902489271e-05,-1.6130408766912296e-05,1.5731651550020265e-13,-7.421898772008717e-05,0.0011986254248768091,-3.7589663406834006e-05,-0.00017806007235776633,-0.0001551387395011261
0.074123315513134,-0.00011969509796472266,1.3748802985859288e-13,-8.08735640021041e-05,-2.2842161342850886e-05,4.4592809804976097e-13,1.455692798290123e-13,3.477854079392273e-06,1.9598100811472896e-13
0.07381556183099747,-0.00011527767492225394,-4.6236880734795704e-05,-7.914415618870407e-05,-0.0001624210854060948,0.0010094722965732217,-0.00014818609633948654,-0.00045786553528159857,-0.00031645118724554777
0.06772231310606003,-8.479847747366875e-05,-5.356785186449997e-05,-0.0001730701478663832,-0.0001591684704180807,0.000734578410629183,-7.018700853222981e-05,-0.0001637147506698966,-0.00015875774261076003
0.07150807976722717,-2.186848178098444e-05,1.3342671694067942e-13,-9.238494385499507e-05,-5.705521471099928e-05,0.0005283624632284045,1.4123694347303178e-13,-3.92588772228919e-05,-5.09072960994672e-05
0.06850260496139526,-6.345027213683352e-05,-3.0004281143192202e-05,-0.00013500555360224098,-2.1994253984303214e-05,0.0009298594668507576,-2.9199354685260914e-06,-2.3062562831910327e-05,-7.977103814482689e-05
0.07237031310796738,-3.359548281878233e-05,1.3490830631443518e-13,-9.239446080755442e-05,-2.613162541820202e-05,0.00040322859422303736,-3.603272125474177e-05,-8.955250814324245e-05,-7.325534534174949e-05
0.06952285766601562,-7.628344610566273e-05,1.3326617370398863e-13,-0.00011334122973494232,-7.898056355770677e-05,0.0001532638125354424,-7.044212543405592e-05,0.000125171136460267,-7.482442742912099e-05
0.07397783547639847,-7.097619527485222e-05,-6.405860767699778e-05,-7.933801680337638e-05,-9.092500113183632e-05,6.229810242075473e-05,-6.420349382096902e-05,-1.0485565326234791e-05,-0.00030325306579470634
0.07297111302614212,-0.0001456209138268605,-2.9034896215307526e-05,-5.1140825235052034e-05,-1.366305605188245e-05,0.0007019973127171397,1.449179589264188e-13,3.518431185511872e-05,-0.00016637389489915222
0.07086461037397385,-4.585537317325361e-05,-3.81472818844486e-05,-0.00014696420112159103,-6.35942560620606e-05,0.0012390962801873684,-1.9424429410719313e-05,-0.00012942457397002727,-0.00023208590573631227
0.07204563915729523,-6.342319829855114e-05,-1.779182639438659e-05,-0.00016708105977158993,-0.00013996862981002778,0.0008740437915548682,-6.613477307837456e-05,0.00030268027330748737,-0.00030080994474701583
0.06710074841976166,-4.774325861944817e-05,-2.899223727581557e-05,-0.00017542290152050555,-0.0001239786361111328,0.0016064090887084603,-5.292611967888661e-05,0.0001269773201784119,-0.0001212191054946743
0.07267757505178452,-0.00011181621812283993,-7.239007391035557e-05,-5.018000229028985e-05,-6.385391316143796e-05,0.0015353651251643896,-2.511734601284843e-05,-1.113952475861879e-05,-0.0002592002274468541
0.06998342275619507,-2.8669144739978947e-05,1.3639320250481701e-13,-0.00014329278201330453,-0.00014795908646192402,0.00039808190194889903,-2.464791396050714e-05,0.00033536998671479523,-5.045063517172821e-05
0.0745399072766304,-7.359639130299911e-05,1.4166067678709343e-13,-0.0001023534350679256,-0.0001125470080296509,0.0014521741541102529,-0.00012229154526721686,8.831630839267746e-05,-0.000182977833901532
0.07011020928621292,-7.078117050696164e-06,1.4007020641016582e-13,-9.093089465750381e-05,-3.090588143095374e-05,-1.104203602153575e-05,-2.2802116291131824e-05,0.0004525155236478895,-2.0717849110951647e-05
0.07844509184360504,-0.0001351904938928783,-6.206828402355313e-05,-5.845690975547768e-05,-2.5900399123202078e-05,0.0008108209003694355,-2.70734653895488e-05,-3.804321386269294e-05,-0.0002480162656866014
0.07708701491355896,-7.484951493097469e-05,1.5024777483361312e-13,-0.0003180860076099634,-0.00022721987625118345,0.0004505693505052477,-6.43391176708974e-05,8.718032040633261e-05,-0.00013181458052713424
0.07433397322893143,-9.072426473721862e-05,-4.9719837988959625e-05,-0.00016383902402594686,-0.00022063381038606167,0.00012628501281142235,-0.0002232565893791616,-0.0001583336852490902,-0.00036284353700466454
0.07246830314397812,-1.0309921890439e-05,1.3874222137919695e-13,-5.640483141178265e-05,-1.210868049383862e-06,0.00017904749256558716,1.4654599690862302e-13,-1.4136417121335398e-05,-7.587538857478648e-05
0.0697113499045372,-4.6134435251588e-05,-0.00017154551460407674,-0.00013209476310294122,-0.00013539991050492972,0.0004463412333279848,-9.456523548578843e-05,-0.00025381185696460307,-0.0005920832045376301
0.06969455629587173,-0.00014665766502730548,-8.228560182033107e-05,-0.00010551582090556622,-1.9735375644813757e-06,0.0005732689169235528,-4.920578794553876e-05,-0.00025910651311278343,-0.0004392527334857732
0.06721708923578262,-3.725976785062812e-05,-2.193331965827383e-05,-0.00013498040789272636,-0.00017921620747074485,0.00018513534450903535,-0.0001014744266285561,8.900330612959806e-06,-0.00010838356683962047
0.06155483424663544,-5.8588386309565976e-05,-7.969970465637743e-05,-7.070197170833126e-05,-9.10175294848159e-05,0.0011387314880266786,-2.703602694964502e-05,-0.00039442634442821145,-0.0003562315250746906
0.06446060538291931,-5.1931692723883316e-05,-6.567604577867314e-05,-9.711173333926126e-05,-0.0001290254294872284,0.00124633708037436,-1.6006080841179937e-05,-3.0025295927771367e-05,-0.00024843489518389106
0.06184219568967819,-4.231719867675565e-05,-8.765157690504566e-05,-5.003389742341824e-05,-8.164667087839916e-05,0.002438233932480216,-3.0154038540786132e-05,-5.569812128669582e-05,-0.00028894530260004103
0.06836535036563873,-8.957745740190148e-05,-1.5057228665682487e-05,-0.00010342099267290905,-7.29566891095601e-05,0.000871255702804774,-4.9695547204464674e-05,9.12742834771052e-05,-7.08754887455143e-05
0.06807135045528412,-0.00011853285832330585,1.4667383789728622e-13,-3.468913200777024e-05,-8.605646871728823e-05,0.0016812910325825214,-5.704135401174426e-05,-6.009605567669496e-05,-0.00011938858369830996
0.07110819965600967,-6.181457138154656e-05,-3.812330396613106e-05,-7.034026930341497e-05,-9.387339378008619e-05,0.0005972973303869367,-5.386455086409114e-05,2.0767734895343892e-05,-0.00015849873307161033
0.07556221634149551,-3.715551065397449e-05,-9.24936612136662e-05,-0.00019106791296508163,-0.0002492995990905911,0.00070065853651613,-0.00013206513540353626,-0.00018082054157275707,-0.00022268657630775124
0.0702485591173172,-9.733065962791443e-05,-5.993725062580779e-05,-0.00014067562005948275,-4.190584513708018e-05,0.0007830075919628143,-4.255964086041786e-05,4.424651342560537e-05,-0.00015966100909281522
0.07050173729658127,-8.596936822868884e-05,-2.7687456167768687e-05,-0.0001459213235648349,-0.00026096784858964384,0.00016859048628248274,-7.105486292857677e-05,0.00017357326578348875,-0.00010754862159956247
0.06496050208806992,-7.411494880216196e-05,-3.2920153898885474e-05,-0.00017733169079292566,-0.0001629158214200288,0.0007969818543642759,-9.52524715103209e-05,-4.640097904484719e-05,-8.434205665253103e-05
0.06713786721229553,-0.00010250716150039807,-1.1235457350267097e-05,-0.00014888688747305423,-0.0001227697794092819,0.0005821195663884282,-9.574835712555796e-05,1.1802694643847644e-05,-5.191692980588414e-05
0.06165698915719986,-0.0001468551199650392,1.3905173399438725e-13,-5.604185935226269e-05,-5.2450242947088555e-05,7.100227230694145e-05,-5.1914179493905976e-05,1.2511917702795472e-05,-6.573076825588942e-05
0.06671320647001266,-7.387741061393172e-05,-5.4128315241541713e-05,-0.0001295225665671751,-2.488492646079976e-05,-0.0007366779027506709,-3.135346560156904e-05,-0.0002638859150465578,-0.0001937106717377901
0.05794611573219299,-0.00011362666555214673,-2.6949286620947532e-05,-0.00015346409054473042,-0.00011857406207127497,-0.00010106450645253062,-9.795984396987478e-07,-9.274703188566491e-06,1.956832997506916e-13
0.06523028761148453,-6.762769044144079e-05,-1.7922448023455217e-05,-6.426771869882941e-05,-4.301252556615509e-05,-0.0001472754229325801,-9.579245670465752e-05,7.84504518378526e-05,-0.0001668222394073382
0.06260792165994644,-5.633635009871796e-05,-5.116101601743139e-05,-7.977358472999185e-05,-6.574521103175357e-05,-4.954945779900299e-06,-7.872364221839234e-05,7.289001223398373e-05,-0.00010284943709848449
0.06329147517681122,-0.00012908605276606977,-1.6771058426456875e-06,-9.066898201126605e-05,-0.00011352227738825604,2.5327351977466606e-05,-4.8980506107909605e-05,0.000121799559565261,-0.00011991333303740248
0.06341966986656189,-5.224434062256478e-05,-2.2402773538487963e-05,-0.00015202586655505002,-6.984198262216523e-05,-0.00027323709218762815,-9.486435737926513e-05,-0.00026678782887756824,-0.00027739215875044465
0.06055084243416786,-0.00011948634346481413,-3.81811369152274e-05,-0.00013340360601432621,-0.00016049577970989048,4.5842432882636786e-05,-0.00022534515301231295,-6.0447662690421566e-05,-0.0002275162551086396
0.05453159660100937,-4.8207737563643605e-05,-5.915625661145896e-05,-2.1746773199993186e-05,-4.2588791984599084e-05,0.00010971842857543379,-2.7782980396295898e-06,-2.3427619453286752e-05,-0.0002924907603301108
0.05321865528821945,-4.2942418076563627e-05,-8.175168659363408e-06,-6.581523484783247e-05,-6.654208846157417e-05,0.0007135843625292182,-3.3551455999258906e-05,1.840807090047747e-05,-0.00017521994595881552
0.05299544706940651,-6.945965287741274e-05,1.3746965263176925e-13,1.58501087688806e-13,1.5677491585746467e-13,0.0008442734251730144,1.4583565475026483e-13,2.9198015909059905e-05,-0.0001995633210754022
0.051611028611660004,-4.9067166401073337e-05,-4.573710975819267e-05,-9.23833140404895e-05,-6.0081150877522305e-05,0.0010452119167894125,-7.650227780686691e-05,0.0001870946289272979,-0.0003301137185189873
0.053276773542165756,-4.2300707718823105e-05,-3.5475743061397225e-05,-8.463595440844074e-05,-3.252423266530968e-05,0.0005676549626514316,-1.8104870832758024e-05,1.4235606613510754e-05,-8.636607526568696e-05
0.05651090666651726,-3.936259963666089e-05,1.5338767853523977e-13,-0.00023807435354683548,-0.00011378419731045142,0.0006272110040299594,-2.122536170645617e-05,9.78170137386769e-05,2.2082372551617685e-13
0.05081164091825485,-6.693790783174336e-05,-7.327115599764511e-05,-0.0002829085278790444,-0.00018409463518764824,-0.004255888517946005,-3.097574517596513e-05,-0.0015606217784807086,-0.0003673377796076238
0.035519249737262726,-4.420000914251432e-05,1.2535865357918285e-13,-5.050887557445094e-05,-3.267636202508584e-05,-0.019398333504796028,1.3240978951299665e-13,-0.0005091149942018092,-6.074848352000117e-05
0.05771084129810333,-8.608115604147315e-05,-9.032261914398987e-06,-0.00011829295544885099,-0.00014171464135870337,-0.005092841573059559,-0.0001203888314194046,-0.0006837501423433423,-0.0002477610541973263
0.072164386510849,-0.00031106339883990586,-3.268667569500394e-05,-0.00011106702731922269,-6.479278818005696e-05,-0.005068003199994564,1.7314424091523228e-13,-0.0007847102824598551,-0.00030920011340640485
0.07708016782999039,-0.00010408180969534442,1.678662363193556e-13,-0.00029593598446808755,-0.0002852543257176876,-0.0021198836620897055,-0.00012980162864550948,-0.00035953905899077654,-5.7185454352293164e-05
0.08239924162626266,-5.2627696277340874e-05,-0.00012253968452569097,2.0234093805852893e-13,-6.536180444527417e-05,-0.004491816274821758,-5.909490573685616e-05,-0.0018160934560000896,-0.0003861374279949814
0.08974654972553253,-6.054825644241646e-05,-2.14764859265415e-05,-0.00024607282830402255,-0.0003396406536921859,0.018871618434786797,-4.917125261272304e-05,-0.00039146607741713524,-0.0002474876237101853
0.09041575342416763,-0.00010739373828982934,-2.6720341338659637e-05,-9.315706847701222e-05,-0.00017550509073771536,-0.009876799769699574,-0.00017399628995917737,-0.0018661459907889366,-0.00019910471746698022
0.09524840861558914,-9.416558896191418e-05,-7.176704457378946e-06,-0.00023668080393690616,-0.00013434731226880103,-0.0010456155287101865,-1.8465450921212323e-05,-4.389181049191393e-05,-3.8339356251526624e-05
0.09574607014656067,-0.00012646302639041096,-4.924111635773443e-05,-0.00019341392908245325,-0.00022665820142719895,-0.008865870535373688,-4.922310836263932e-05,-0.0020586259197443724,-0.0005077191162854433
0.09624382108449936,-6.917058635735884e-05,-1.5353356502600946e-05,-0.00021774428023491055,-0.00012166162923676893,0.0016564347315579653,-7.104594988049939e-05,-0.00021200616902206093,-0.00011266770889051259
0.0895811915397644,-6.207395199453458e-05,-3.0877454264555126e-05,-8.636439451947808e-05,-9.029728244058788e-05,0.003023553406819701,-3.5655710235005245e-05,-0.0005081433337181807,-0.00025576792540960014
0.0916624441742897,-3.4770386264426634e-05,-6.922015018062666e-05,-0.0001601677358848974,-6.338884122669697e-05,0.002225825795903802,2.011290575277061e-13,-0.00021113823459018022,-0.00017879805818665773
0.09741272777318954,-0.00010702192230382934,-0.0002850965247489512,-0.0003293030895292759,-0.00022779394930694252,0.004196407739073038,-0.00013108305574860424,-0.0005905567086301744,-0.0017555048689246178
0.09816832095384598,-0.00016042040078900754,-6.910149386385456e-05,-0.00032701424788683653,-0.00012240967771504074,0.0016220561228692532,2.163088637244584e-13,-0.00045486591989174485,-0.00035561854019761086
0.10308988392353058,-0.00016641526599414647,2.075267041545814e-13,-0.0001545285776956007,-0.00022852580877952278,0.002601001178845763,-0.0002732764114625752,-0.00042215711437165737,-0.0003273224865552038
0.10465627163648605,-0.00014597250265069306,-0.00033747433917596936,-0.0002917047240771353,-0.0002451168838888407,0.0028291314374655485,2.288237687438771e-13,-0.000461446528788656,-0.0015614732401445508
0.10450173169374466,-0.00019620243983808905,-0.00017260253662243485,-0.0003510495007503778,-0.00024296806077472866,0.0047498904168605804,-8.411601447733119e-05,-0.0004687908513005823,-0.0008157461415976286
0.10609083622694016,-0.00011996747343800962,2.2011151310907112e-13,-0.00011174148676218465,-5.7659417507238686e-05,0.0024168991949409246,-7.169122545747086e-05,-0.0006729320739395916,-0.0004575864295475185
0.10374866425991058,-3.585355443647131e-05,-3.617674519773573e-05,-0.00013396832218859345,-0.00019085381063632667,0.0015000589191913605,-8.46395778353326e-05,-2.9315810024854727e-05,-0.00034920944017358124
0.10389384627342224,-0.00015870721836108714,-0.0001321714953519404,-0.000464996526716277,-0.0005533654475584626,0.0018978609004989266,-5.0601462135091424e-05,-0.00013972382294014096,-0.0004507785488385707
0.10409734398126602,-0.00022096028260421008,-3.0349734515766613e-05,-0.00016237531963270158,-0.00012755779607687145,0.0011199008440598845,-5.907752347411588e-05,-9.649071216699667e-06,-0.00023910489107947797
0.10398390144109726,-4.022916255053133e-05,-8.381519000977278e-05,-0.0001724833418847993,-0.00013232228229753673,0.0006525901844725013,-6.386963650584221e-05,-0.00012292404426261783,-0.0005261366022750735
0.10889597982168198,-0.00015694186731707305,-5.657881774823181e-05,-0.00040802982402965426,-0.0004195999645162374,-0.00013302529987413436,-0.00030430994229391217,-0.0003165818634442985,-0.00047590964823029935
0.11089258641004562,-0.000178931572008878,-3.6956571420887485e-05,-5.0431437557563186e-05,-8.726907253731042e-05,0.0006368819158524275,-9.629425767343491e-05,-0.0003577361931093037,-0.0005348317790776491
0.10977831482887268,-0.000103774931631051,-0.00015549697855021805,-0.0003898266877513379,-0.00038685722392983735,0.0027965931221842766,-0.0002919483231380582,-0.00043703545816242695,-0.0006649445276707411
0.11048967391252518,-0.000171349587617442,-7.557222852483392e-05,-0.00020850841247010976,-4.0074930439004675e-05,0.0026360168121755123,2.51855068918172e-13,-0.00084182113641873,-0.0006950594251975417
0.10646068304777145,-0.0001406352239428088,2.2449341105686138e-13,-1.2880983376817312e-05,-8.817760681267828e-05,0.0011288545792922378,-0.00021088581706862897,-0.00012555913417600095,-0.00023407116532325745
0.10373606532812119,-0.0001809071545721963,-0.00011100207484560087,-0.0001540950615890324,-0.0001644093863433227,0.0032244324684143066,-0.00010732685768743977,-0.00014338611799757928,-0.0005262464401312172
0.10340965539216995,-0.00021081518207211047,2.2485062856764104e-13,-0.00016828633670229465,-9.467278141528368e-05,0.002645288361236453,-0.00017778825713321567,-0.00022520803031511605,-0.0002556021208874881
0.10359936207532883,-0.00020383100491017103,-4.059507773490623e-06,-0.0001663308503339067,-0.0001944192044902593,0.0025844008196145296,-6.0514801589306444e-05,-0.0003583338111639023,-0.0004347890499047935
0.10352165251970291,-0.0003168587281834334,-2.790433973132167e-05,-0.00019969952700193971,-0.0002859740925487131,0.0016458859900012612,-0.0003982072230428457,-0.0004508056154008955,-0.0005759418709203601
0.09990882873535156,-0.0001439192856196314,2.207627526965017e-13,-0.000318407139275223,-5.5085216445149854e-05,0.001808417378924787,2.4030069926093967e-13,-0.0005207897047512233,-0.00024285413383040577
0.09826203435659409,-0.00015006557805463672,-2.0065739590791054e-05,-0.0003668038116302341,-0.0002045138826360926,0.0007086080149747431,-0.000162829426699318,-0.0002737583708949387,-0.0002984979946631938
0.0946429893374443,-4.510499638854526e-05,2.0737404848869545e-13,-0.00039383352850563824,-0.0002571951481513679,-5.21082029081299e-06,2.268034393106133e-13,-1.3462550668918993e-05,5.215139843410543e-13
0.09175152331590652,-6.923025648575276e-05,-3.403464506845921e-05,-0.00022163434186950326,-0.00017713896522764117,0.0003479862934909761,-5.7143635785905644e-05,-0.0001672641228651628,-0.0002880049287341535
0.09372995048761368,-0.00014667099458165467,-9.317413787357509e-05,-0.00013511258293874562,-3.6426601582206786e-05,-0.0005585038452409208,-4.499624265008606e-05,-0.0006766155711375177,-0.0006463026511482894
0.09748157858848572,-0.00011486129369586706,-9.088907245313749e-05,-5.8801186241908e-05,2.801487882821141e-13,0.0014939523534849286,2.349876478298374e-13,-8.391049777856097e-05,-0.0006142330239526927
0.09785260260105133,-0.00010896465391851962,-6.228859274415299e-05,-0.0003675075713545084,-0.0002242083428427577,0.0021554839331656694,-0.0002823512477334589,-0.0014918625820428133,-0.001238808617927134
0.09765531867742538,-0.00010940632637357339,-6.162148929433897e-05,-0.00017291438416577876,-0.0002894016797654331,0.0014076025690883398,-0.00010654988727765158,-0.0007538484642282128,-0.0008859575027599931
0.09466437995433807,-6.614517042180523e-05,-6.677558849332854e-05,-0.000290961645077914,-0.00022665131837129593,0.0011604594765231013,-6.068064976716414e-05,-0.00038176015368662775,-0.0004422047350089997
0.09424383193254471,-5.975010572001338e-05,-1.6051360944402404e-05,-0.00011259478196734563,-9.561726619722322e-05,0.0021638362668454647,-0.00010449841647641733,-0.0001541795500088483,-0.000375520990928635
0.09100025147199631,-5.200614032219164e-05,-8.02330396254547e-06,-0.00022839537996333092,-2.547516123740934e-05,0.0013013362186029553,-2.6715257263276726e-05,-6.965327338548377e-05,-7.794657722115517e-05
0.09050324559211731,-0.00015154568245634437,-0.00020061153918504715,-0.00016595520719420165,-0.00027954147662967443,0.0024768735747784376,-4.1123596020042896e-05,-0.00023130245972424746,-0.0013073725858703256
0.09171974658966064,-0.00016550162399653345,-4.987421561963856e-05,-0.0003096872824244201,-0.0003732139593921602,0.0013744846219196916,-0.00023398653138428926,-0.0003938139707315713,-0.0005702984053641558
0.09174896776676178,-0.0001813125709304586,-0.00011810917931143194,-0.00016522845544386655,-0.0001302911841776222,0.0018432877259328961,2.2750383391403894e-13,-0.00015309815353248268,-0.0008161021978594363
0.09222288429737091,-0.0001529534929431975,-1.259970940736821e-05,-0.00014156724500935525,-0.0002642216277308762,0.0005276708398014307,-0.0001672289945418015,-0.000555742415599525,-0.0005996386171318591
0.09205440431833267,-8.532535139238462e-05,-0.00012478329881560057,-0.00015156890731304884,-0.00023532255727332085,0.0012611417332664132,-0.00012059529399266466,-0.00041167408926412463,-0.0009416811517439783
0.09273961931467056,-0.00015602678467985243,-5.618158320430666e-05,-0.00029313782579265535,-0.00038075950578786433,0.0014794616727158427,-0.00015709901344962418,-0.000183717769687064,-0.0005798558704555035
0.09351939707994461,-0.00019471929408609867,2.094765468941065e-13,-0.00011530019401106983,-0.00016712503565941006,0.0006469232612289488,2.352485339775917e-13,9.807306196307763e-05,-0.0001968393917195499
0.08991825580596924,-0.00016147969290614128,-3.0647239327663556e-05,-0.00023173927911557257,-9.643979865359142e-05,0.0010497276671230793,-8.491717380820774e-06,-0.00021771561296191067,-0.00045498550753109157
0.0892859399318695,-0.00010710996139096096,-4.748145511257462e-05,-0.00018206842651125044,-0.00023818714544177055,0.00015820498811081052,-0.00013611585018225014,-0.0006555680301971734,-0.001021652133204043
0.08845836669206619,-7.262264261953533e-05,-8.18334156065248e-05,-0.0003044750483240932,-0.0003101914771832526,0.001086735283024609,-0.00017215745174326003,-0.0005966579774394631,-0.0009775791550055146
0.08820437639951706,-0.00016617421351838857,-6.741196557413787e-05,-7.1327893238049e-05,-2.7220085030421615e-05,0.001577191986143589,2.30167041025478e-13,6.308278534561396e-05,-0.0005030083702877164
0.08673861622810364,-4.423526115715504e-05,-8.140491263475269e-05,-0.00023225312179420143,-0.000163653603522107,0.0013636848889291286,-4.205614095553756e-05,0.00020979611144866794,-0.0005222595646046102
0.08840136229991913,-5.093768413644284e-05,-0.00011351485591148958,-0.00023459507792722434,-0.00020589666382875293,0.0018233981681987643,-3.1400493753608316e-05,2.3691825845162384e-05,-0.0007420828915201128
0.08341677486896515,-5.068905738880858e-05,-3.8145753933349624e-05,-0.00011358691699570045,-0.00013406934158410877,0.0005711232079192996,-0.0001096030609915033,0.00034065148793160915,-0.0002463751588948071
0.0826416015625,-0.00011242725304327905,-5.897219671169296e-05,-0.00012774913921020925,-0.00013461643538903445,3.3817359508248046e-05,-0.00020735834550578147,-0.0002323726803297177,-0.0005318350740708411
0.08429349213838577,-0.00013364893675316125,-2.628225411172025e-05,-0.0002852391917258501,-0.00019819923909381032,0.0010911062126979232,-5.514606527867727e-05,-0.00011761618225136772,-0.00037938516470603645
0.08710519224405289,-0.000204382959054783,-7.896331226220354e-05,-0.0002456074580550194,-0.0003398407425265759,0.0014158172998577356,-0.00010764979379018769,-9.830199996940792e-05,-0.0005730325938202441
0.0869043692946434,-0.00010098553320858628,-7.085459219524637e-05,-0.00032308234949596226,-0.00024104738258756697,0.001860430696979165,2.338983499071412e-13,-0.00011664519843179733,-0.0007200687541626394
0.0845658928155899,-0.00011271355469943956,-6.864024180686101e-05,-0.00025248454767279327,-0.00018897754489444196,0.0013953556772321463,-0.00011521788110258058,-0.00013158978254068643,-0.0006381275597959757
0.08459630608558655,-6.389766349457204e-05,-3.199800630682148e-05,-0.00013640538963954896,-0.0002339923521503806,0.0013993799220770597,-0.0002828514843713492,-0.00016882955969776958,-0.0004804462951142341
0.0830693244934082,-9.496567508904263e-05,-0.0001456194877391681,-0.00018183147767558694,-0.00013549045252148062,0.0024080220609903336,2.284827329505218e-13,-6.380690319929272e-05,-0.0008572347578592598
0.08221901208162308,-5.826725100632757e-05,-4.9332873459206894e-05,-0.00015617304597981274,-0.0001481906365370378,0.0006225258111953735,-0.00011470400932012126,0.0001346196368103847,-0.00044849805999547243
0.08209691941738129,-8.499259274685755e-05,2.0469132573815163e-13,-0.00017203002062160522,-7.26095968275331e-05,0.002721556229516864,-5.535728996619582e-05,-0.00020609376952052116,-0.00026967618032358587
0.08396361768245697,-0.00022254762006923556,-3.5290511277707992e-06,-0.0002448069863021374,-0.00014931235637050122,0.0025317694526165724,-0.00013365320046432316,-0.00015390741464216262,-0.0002698373282328248
0.08113604784011841,-0.00018360267858952284,-0.00011337684554746374,-0.00027365118148736656,-0.00020879060321021825,0.001598641974851489,-0.00018127654038835317,-0.00011916174116777256,-0.0009417634573765099
0.08040378242731094,-0.00017147204198408872,-9.174687147606164e-05,-0.0002040923573076725,-0.0002376804914092645,0.0029572690837085247,-7.39027964300476e-05,-0.0009538696031086147,-0.0012659833300858736
0.07673265039920807,-0.000152320004417561,-2.2781698135077022e-05,-0.00016724861052352935,-0.00018744319095276296,0.0015582506312057376,-0.00014728066162206233,-0.00011503902351250872,-0.0006546705844812095
0.07563784718513489,-7.67441961215809e-05,1.9107537275499242e-13,-7.758666470181197e-05,-0.00010329459473723546,0.0007319542928598821,-2.918299833254423e-05,-3.434722020756453e-05,-0.00013726073666475713
0.07290365546941757,-0.00021850431221537292,-9.148894605459645e-05,-0.00014820350043009967,-8.29866694402881e-05,0.0013798309955745935,-7.744643517071381e-05,-0.00029333875863812864,-0.0013947979314252734
0.07542113214731216,-6.199033668963239e-05,-8.242564945248887e-05,-8.711888949619606e-05,-4.3359344999771565e-05,0.0017578804399818182,2.1589803241624933e-13,-0.0002021807449636981,-0.0006226531113497913
0.07378505915403366,-0.0001333231048192829,-7.046855171211064e-05,-0.00018650165293365717,-0.00018117199942935258,0.0020754095166921616,-0.0001900912175187841,-0.00022191036259755492,-0.0006931959069333971
0.07458376884460449,-0.00011165554315084592,-0.0002030800242209807,-0.00023891840828582644,-0.0002704779908526689,0.0021049014758318663,-9.868836059467867e-05,-0.0008214059052988887,-0.0013959093485027552
0.07458237558603287,-0.0002722104836720973,1.9290702390518943e-13,-9.70735854934901e-05,-2.004023190238513e-05,0.0018002180149778724,2.189874258491653e-13,-0.00021953934628982097,-0.0004830957332160324
0.07360271364450455,-7.228075992316008e-05,-3.520528844092041e-05,-0.0001161774926004,-9.939795563695952e-05,0.0016047226963564754,-0.00012548230006359518,-0.0005955973756499588,-0.0010017695603892207
0.07496447116136551,-7.047854887787253e-05,-2.4449793727399083e-06,-0.00016689796757418662,-6.584838411072269e-05,0.0037395614199340343,-5.63318062631879e-05,-0.00017895603377837688,-0.0006830255151726305
0.0782618448138237,-0.0001037657493725419,-8.535110100638121e-05,-0.00019475487351883203,-0.0002456732909195125,0.0039147199131548405,-0.00010735420801211149,-0.0003529083332978189,-0.0011564482701942325
0.08119650930166245,-0.00016721896827220917,-9.36588185140863e-05,-0.0005785949761047959,-0.0003477355057839304,0.003148651449009776,-0.0001212217248394154,-7.840501348255202e-05,-0.0007937370683066547
0.07765775918960571,-0.0001839581091189757,2.1205070034960305e-13,-0.00026333925779908895,-0.0003476020065136254,0.0022339853458106518,-0.0002382201491855085,0.0005238828016445041,-0.0003895943227689713
0.07360049337148666,-8.690515096532181e-05,-4.077494304510765e-05,-0.0003400276182219386,-0.00033162572071887553,0.001303187571465969,-2.1863079382455908e-05,-5.0886192184407264e-05,-0.0004872024874202907
0.07486070692539215,-5.044320278102532e-05,-9.695640073914547e-06,-0.0004062082734890282,-0.00010069683048641309,0.002442504744976759,-6.395659875124693e-05,-0.0001813305716495961,-0.0004933915915898979
0.07346337288618088,-0.0001478396588936448,-0.0001304102479480207,-0.00019784091273322701,-0.00016981626686174423,0.0022970305290073156,-2.9392620490398258e-05,-0.0004780319577548653,-0.0011292505078017712
0.07187477499246597,-0.00012038759450661018,-2.4569197194068693e-05,-0.00024542221217416227,-0.00020691815007012337,0.001583260833285749,-0.00014648975047748536,-1.271198289032327e-05,-0.0002917008241638541
0.07329079508781433,-0.00010323143214918673,-2.789010432024952e-05,-8.649363735457882e-05,-8.802896627457812e-05,0.00032953114714473486,-4.588162119034678e-05,0.0004521399678196758,-0.00019159635121468455
0.07143239676952362,-0.00016487181710544974,-9.467051859246567e-05,2.938042333294061e-13,2.7869289449984624e-13,0.0014596256660297513,2.3002059241702955e-13,-2.0534460418275557e-05,-0.0003215555043425411
0.07341588288545609,-7.004952931310982e-05,-9.554791904520243e-05,-0.0003729175659827888,-0.0005075017106719315,0.0013658987591043115,-7.469492993550375e-05,4.851417661697055e-13,-0.0006281039677560329
0.07175842672586441,-0.0001442088687326759,-3.851985457004048e-05,-0.00020569020125549287,-0.0003359228139743209,0.0006872262456454337,-9.170843259198591e-05,-0.00039037063834257424,-0.0007414312567561865
0.06985504925251007,-0.00020882426179014146,-3.1930263503454626e-05,-0.00027045211754739285,-0.0002682069025468081,0.0001015368543448858,-9.601454075891525e-05,-0.0002270442055305466,-0.0004053708107676357
0.06981882452964783,-7.277740951394662e-05,1.9966940969541602e-13,-0.0002311688003828749,-0.00013045946252532303,0.00040860334411263466,-0.00019788388453889638,-0.0003261406673118472,-0.00026826284010894597
0.07012394815683365,-7.036408351268619e-05,-5.007081927033141e-05,-0.00015088867803569883,-0.00020351230341475457,0.0008159771678037941,-0.00013459865294862539,-0.00033113843528553843,-0.0009129400714300573
0.06811630725860596,-0.0001885450619738549,-9.549292008159682e-05,-0.00021319734514690936,-0.00022050068946555257,0.0005494291544891894,-0.00011491873010527343,-0.0001707263436401263,-0.0012755917850881815
0.06200001388788223,-3.855974500766024e-05,-0.00012016933760605752,-0.00024380185641348362,-0.00020594522356987,0.0006994012510403991,-6.992323324084282e-05,0.0002545176539570093,-0.0007748802891001105
0.06089422479271889,-2.6329027605243027e-05,-4.0869039366953075e-05,-0.0001467164111090824,-0.00016852999397087842,0.0008384568500332534,-4.412925409269519e-05,-3.080319584114477e-05,-0.00030541978776454926
0.06438405066728592,-0.00010538821516092867,1.9570497024161415e-13,-0.00010847741214092821,-0.00012411604984663427,0.0003117873566225171,-6.58088392810896e-05,0.00019605548004619777,-0.0001822272752178833
0.06392903625965118,-7.359487790381536e-05,-2.8358142571960343e-06,-0.00014354924496728927,-6.905120244482532e-05,0.001312282052822411,-0.00011970659397775307,-8.939505642047152e-05,-0.00022032595006749034
0.06436412036418915,-0.00016478236648254097,-3.930732418666594e-05,-6.42431405140087e-05,-0.00028141748043708503,0.0006703325780108571,-0.0001326574565609917,-0.0004270292993169278,-0.0013153937179595232
0.06212357059121132,-0.00010829764505615458,-4.3710610043490306e-05,-0.0003466618654783815,-0.0003759929386433214,0.0008332012221217155,-8.894795610103756e-05,3.8976915675448254e-05,-0.0006062028114683926
0.06413739174604416,-0.0002410520683042705,1.9341569090693816e-13,-0.0003829114430118352,-0.00018226516840513796,-9.539408893033396e-06,-5.1696260925382376e-05,0.00010358166036894545,9.086499456502362e-13
0.06256508082151413,-0.00018482148880138993,-9.36811848077923e-05,-0.0002218386362073943,-0.00019347576017025858,0.0002157331327907741,-3.846631807391532e-05,1.1119824421257363e-06,-0.0007376846042461693
0.06263961642980576,-2.5532885047141463e-05,-1.248818534804741e-05,-0.00018097662541549653,-0.00016839118325151503,0.00015644088853150606,-5.967269680695608e-05,4.4065337316545605e-13,-0.0001530453737359494
0.06360682100057602,-0.0001155323043349199,-0.00012938705913256854,-0.00017382213263772428,-0.00015758337394800037,-0.0011817612685263157,-6.123045750427991e-05,-0.0007126202690415084,-0.0012868326157331467
0.06277192384004593,-0.00011077458475483581,1.9130796122604488e-13,-0.00022890960099175572,-0.00012950255768373609,-0.0009859815472736955,-6.302676774794236e-05,-0.00086433399701491,-0.000504564493894577
0.06532583385705948,-0.00022279363474808633,1.967765685638445e-13,-0.00024851225316524506,-0.00016850994143169373,7.560893573099747e-05,-5.159494321560487e-05,-0.0003099624300375581,-0.0004604657005984336
0.06473468244075775,-0.00020977728127036244,-2.057913297903724e-05,-0.0002145815233234316,-0.00022231733601074666,0.0002529348712414503,-0.00017951242625713348,-0.0009405304444953799,-0.001055568573065102
0.06266231089830399,-7.197409286163747e-05,-7.579990779049695e-05,-0.00037327478639781475,-0.0004910636926069856,0.000379479635739699,-0.00010838809248525649,5.690002581104636e-05,-0.0011727145174518228
0.06377259641885757,-0.00012497353600338101,-7.81313210609369e-05,-0.00010564021795289591,-0.00014855933841317892,8.129810157697648e-05,-0.00014636486594099551,-0.0007242968422360718,-0.002978251315653324
0.06329910457134247,-0.0001036777684930712,-8.158332639141008e-05,-0.0004228496691212058,-0.00026876587071456015,0.0012083330657333136,-7.384812488453463e-05,1.2533596418506932e-05,-0.0013184081763029099
0.061897724866867065,-0.00015583723143208772,1.9830631006658578e-13,-8.002757385838777e-05,-2.2802885723649524e-05,0.0006166936946101487,2.333811041557027e-13,-1.903683914861176e-05,-0.00015424148296006024
0.0624079667031765,-0.00013190123718231916,-2.4654986191308126e-05,-0.00028065667720511556,-0.0001568313455209136,0.002105018822476268,-8.56249243952334e-06,-6.190571730257943e-05,-0.0014178099809214473
0.06103023514151573,-6.89680891809985e-05,-1.1496180377434939e-05,-6.719932571286336e-05,-0.00015520714805461466,0.0016634274506941438,-0.00018301997624803334,0.0002705406805034727,-0.0009350890177302063
0.06296847760677338,-0.0001335713459411636,-0.00013777943968307227,-0.00024206162197515368,-0.00018387660384178162,0.0019126416882500052,-9.021082405524794e-06,4.606529728334863e-06,-0.001169173396192491
0.06465823203325272,-0.00013372015382628888,2.1341473510280706e-13,-0.00011481942783575505,-9.311134635936469e-05,0.00044333611731417477,-7.666000601602718e-05,0.0005153323290869594,-0.0003253282920923084
0.06451824307441711,-0.00013646511069964617,2.057966427479463e-13,-9.483152825850993e-05,-0.00014111853670328856,-4.744693069369532e-05,-0.00025665535940788686,-0.000882843800354749,-0.0009190057753585279
0.057540252804756165,-4.6399196435231715e-05,-4.494484164752066e-05,-0.0002980424033012241,-0.00022380531299859285,0.0005326625541783869,-8.671978866914287e-05,0.00014098531391937286,-0.0010376637801527977
0.05816156417131424,-7.799078593961895e-05,-8.642012835480273e-05,-0.0003004668396897614,-0.0003338109818287194,-0.0003108422097284347,-0.00013471425336319953,-0.00027323528775013983,-0.0018461050931364298
0.06107836216688156,-0.00011039047967642546,1.939847615222215e-13,-0.0004913078155368567,-0.00026501688989810646,8.348798291990533e-05,-5.387083365349099e-05,-0.00023098508245311677,-0.0001817243901314214
0.060636796057224274,-0.0003034918336197734,-0.0002454164205119014,-0.0002193961845478043,-0.00027453567599877715,-0.0012859756825491786,-0.00017476151697337627,-0.0006504116463474929,-0.003807013388723135
0.05794820934534073,-0.0001415903534507379,-5.2850504289381206e-05,-0.00043169406126253307,-0.0004962171078659594,0.00016971203149296343,-0.00027539380243979394,-0.00043750027543865144,-0.0019476136658340693
0.05813593044877052,-0.00016830532695166767,1.9200630939786995e-13,-0.0002699924516491592,-0.0003463948960416019,0.0003612408763729036,-3.209378701285459e-05,-0.00011087149323429912,-0.0006336921360343695
0.05698050931096077,-9.099730959860608e-05,-2.837149986589793e-05,-0.0003608216647990048,-0.0004005019145552069,0.00020170272910036147,-0.00018279376672580838,-5.938154936302453e-05,-0.0009071544045582414
0.05420713126659393,-0.00014563118747901171,-0.00022480511688627303,-0.0004108164575882256,-0.0005731829442083836,0.0013023074716329575,-0.0002648354566190392,-0.0006655491306446493,-0.003553973278030753
0.059923600405454636,-8.147068729158491e-05,-4.983821418136358e-05,-0.00012767364387400448,-0.0002125590544892475,0.001277451403439045,-3.0380657335626893e-05,-0.0002857173967640847,-0.00250903214327991
0.060223061591386795,-0.0002458484086673707,-3.1101666536414996e-05,-9.424931340618059e-05,-0.00023568914912175387,0.00017942364502232522,-0.00010312726226402447,0.0002211013197666034,-0.000832854479085654
0.05277140438556671,-7.19822128303349e-05,-2.257394044136163e-06,-0.0001766691420925781,-0.000130389365949668,0.0012147558154538274,-7.016959716565907e-05,-0.00019071558199357241,-0.0013755944091826677
0.057717397809028625,-0.00014708226080983877,-9.524888446321711e-05,-0.00021234132873360068,-0.000334219541400671,0.0006354618817567825,-0.00011386707046767697,2.7480700737214647e-05,-0.002277055289596319
0.06518569588661194,-0.00019361660815775394,-5.009506639908068e-05,-0.000566108210477978,-0.00043923751218244433,0.0016226625302806497,-0.0001839426113292575,-0.00010578697401797399,-0.0024041426368057728
0.05570283532142639,-0.00012143766070948914,-3.958494198741391e-05,-0.0002817816275637597,-0.00016334008250851184,0.0004993306938558817,-7.19618474249728e-05,0.00021129714150447398,-0.0019034022698178887
0.06231847032904625,-0.0002065104927169159,-9.094751294469461e-05,-0.00013136662892065942,-0.00012408681504894048,0.0016810093075037003,2.4842286431084326e-13,-0.00031409875373356044,-0.0032539633102715015
0.060846298933029175,-0.0003219047503080219,-3.923641634173691e-05,-0.00017912565090227872,-0.00011350482236593962,0.0010724865132942796,-4.221252675051801e-05,-0.0003648136043921113,-0.0026656368281692266
0.06254792958498001,-0.00021893199300393462,-4.3580268538789824e-05,-0.0005488688475452363,-0.0004223505384288728,0.0008467233856208622,-4.324216570239514e-05,-0.00020031389431096613,-0.0013856049627065659
0.06361056864261627,-0.00016254473302979022,-3.2622061553411186e-05,-0.00014084410213399678,-4.334724508225918e-05,0.0012707686983048916,-2.019176463363692e-06,-0.0003512435650918633,-0.0020176756661385298
0.064222551882267,-0.00028003499028272927,-8.073711069300771e-05,-0.00016611265891697258,-0.00013212350313551724,0.0014433888718485832,2.655922628092694e-13,4.742164777180036e-13,-0.0012738454388454556
0.06643641740083694,-0.00010572559403954074,-4.14723808717099e-06,-0.00036281702341511846,-0.0001383874041493982,0.001923049334436655,-0.00020579992269631475,-0.00038599103572778404,-0.0009873034432530403
0.0673704519867897,-0.00012388404866214842,-7.228968024719507e-05,-0.00020543199207168072,-0.0001304193865507841,0.0009180899942293763,-1.5596466255374253e-05,4.82844450186426e-13,-0.0018643971998244524
0.06679069995880127,-0.00014937772357370704,-0.00018119974993169308,-0.0005400686641223729,-0.0005359029164537787,0.0014451456954702735,-0.0003025422338396311,-0.0006566413212567568,-0.005327492021024227
0.06285157054662704,-0.00025667683803476393,2.103086178513805e-13,-0.000458650931250304,-0.000420570548158139,0.0008889451855793595,-0.00031438571750186384,-0.00028428129735402763,-0.002175622619688511
0.05776340886950493,-0.00015398513642139733,-9.759698150446638e-05,-5.272830094327219e-05,-8.010699093574658e-05,0.0013363448670133948,-4.404105493449606e-05,-0.0005976489628665149,-0.0039522843435406685
0.05230996012687683,-6.10569550190121e-05,1.9794250602760827e-13,-0.0001341112656518817,-0.00011780253407778218,0.000682550948113203,-8.211862586904317e-05,-0.0001948231947608292,-0.0014486259315162897
